review_score,avg_delay_days,num_orders
1,-3.370628125704035,9409
2,-7.938026512142547,2941
3,-10.07849307067481,7962
4,-11.684076472156073,18987
5,-12.688362339512306,57060
